2, 0, -10.35, 0.31, -0.03, 0, 0, 0
10, 0, -10.35, 0.31, -0.03, 0, 78, 0
15, 0, -10.35, 0.31, -0.03, 297, 78, 0
19, 686, -10.35, 0.31, -0.03, 297, 78, 0
23, 686, -10.19, 0.35, 0, 297, 78, 0
28, 686, -10.19, 0.35, 0, 297, 91, 0
32, 686, -10.19, 0.35, 0, 298, 91, 0
39, 739, -10.19, 0.35, 0, 298, 91, 0
46, 739, -10.31, 0.31, -0.03, 298, 91, 0
50, 739, -10.31, 0.31, -0.03, 298, 100, 0
55, 739, -10.31, 0.31, -0.03, 299, 100, 0
64, 862, -10.31, 0.31, -0.03, 299, 100, 0
70, 862, -10.15, 0.43, 0, 299, 100, 0
75, 862, -10.15, 0.43, 0, 299, 79, 0
86, 862, -10.15, 0.43, 0, 299, 79, 0
93, 681, -10.15, 0.43, 0, 299, 79, 0
102, 681, -10.19, 0.47, -0.07, 299, 79, 0
107, 681, -10.19, 0.47, -0.07, 299, 91, 0
113, 681, -10.19, 0.47, -0.07, 300, 91, 0
118, 470, -10.19, 0.47, -0.07, 300, 91, 0
123, 470, -10.27, 0.27, 0, 300, 91, 0
128, 470, -10.27, 0.27, 0, 300, 80, 0
133, 470, -10.27, 0.27, 0, 300, 80, 0
138, 304, -10.27, 0.27, 0, 300, 80, 0
143, 304, -10.19, 0.27, -0.03, 300, 80, 0
148, 304, -10.19, 0.27, -0.03, 300, 100, 0
153, 304, -10.19, 0.27, -0.03, 301, 100, 0
159, 1, -10.19, 0.27, -0.03, 301, 100, 0
164, 1, -10.23, 0.35, -0.03, 301, 100, 0
171, 1, -10.23, 0.35, -0.03, 301, 96, 0
178, 1, -10.23, 0.35, -0.03, 301, 96, 0
184, 524, -10.23, 0.35, -0.03, 301, 96, 0
191, 524, -10.31, 0.43, 0, 301, 96, 0
197, 524, -10.31, 0.43, 0, 301, 86, 0
202, 524, -10.31, 0.43, 0, 301, 86, 0
206, 157, -10.31, 0.43, 0, 301, 86, 0
213, 157, -10.27, 0.47, -0.03, 301, 86, 0
217, 157, -10.27, 0.47, -0.03, 301, 79, 0
222, 157, -10.27, 0.47, -0.03, 301, 79, 0
228, 30, -10.27, 0.47, -0.03, 301, 79, 0
232, 30, -10.31, 0.39, 0.03, 301, 79, 0
237, 30, -10.31, 0.39, 0.03, 301, 98, 0
242, 30, -10.31, 0.39, 0.03, 301, 98, 0
249, 53, -10.31, 0.39, 0.03, 301, 98, 0
254, 53, -10.35, 0.39, 0, 301, 98, 0
258, 53, -10.35, 0.39, 0, 301, 115, 0
265, 53, -10.35, 0.39, 0, 299, 115, 0
272, 1, -10.35, 0.39, 0, 299, 115, 0
284, 1, -10.35, 0.31, 0.03, 299, 115, 0
288, 1, -10.35, 0.31, 0.03, 299, 88, 0
293, 1, -10.35, 0.31, 0.03, 299, 88, 0
297, 72, -10.35, 0.31, 0.03, 299, 88, 0
302, 72, -10.31, 0.39, 0, 299, 88, 0
307, 72, -10.31, 0.39, 0, 299, 76, 0
312, 72, -10.31, 0.39, 0, 298, 76, 0
317, 945, -10.31, 0.39, 0, 298, 76, 0
321, 945, -10.27, 0.47, 0.03, 298, 76, 0
327, 945, -10.27, 0.47, 0.03, 298, 76, 0
332, 945, -10.27, 0.47, 0.03, 298, 76, 0
337, 927, -10.27, 0.47, 0.03, 298, 76, 0
341, 927, -10.23, 0.47, 0, 298, 76, 0
347, 927, -10.23, 0.47, 0, 298, 102, 0
352, 927, -10.23, 0.47, 0, 299, 102, 0
356, 928, -10.23, 0.47, 0, 299, 102, 0
361, 928, -10.31, 0.43, 0, 299, 102, 0
366, 928, -10.31, 0.43, 0, 299, 150, 0
372, 928, -10.31, 0.43, 0, 299, 150, 0
378, 935, -10.31, 0.43, 0, 299, 150, 0
383, 935, -10.35, 0.43, 0.03, 299, 150, 0
388, 935, -10.35, 0.43, 0.03, 299, 161, 0
394, 935, -10.35, 0.43, 0.03, 299, 161, 0
399, 931, -10.35, 0.43, 0.03, 299, 161, 0
404, 931, -10.35, 0.39, 0.03, 299, 161, 0
409, 931, -10.35, 0.39, 0.03, 299, 131, 0
414, 931, -10.35, 0.39, 0.03, 299, 131, 0
419, 909, -10.35, 0.39, 0.03, 299, 131, 0
475, 909, -10.35, 0.31, 0, 299, 131, 0
482, 909, -10.35, 0.31, 0, 299, 92, 0
533, 909, -10.35, 0.31, 0, 300, 92, 0
549, 775, -10.35, 0.31, 0, 300, 92, 0
661, 775, -10.31, 0.39, 0, 300, 92, 0
677, 775, -10.31, 0.39, 0, 300, 79, 0
725, 775, -10.31, 0.39, 0, 300, 79, 0
741, 645, -10.31, 0.39, 0, 300, 79, 0
853, 645, -10.31, 0.43, 0.03, 300, 79, 0
871, 645, -10.31, 0.43, 0.03, 300, 82, 0
933, 645, -10.31, 0.43, 0.03, 299, 82, 0
949, 541, -10.31, 0.43, 0.03, 299, 82, 0
1061, 541, -10.27, 0.39, 0, 299, 82, 0
1077, 541, -10.27, 0.39, 0, 299, 98, 0
1125, 541, -10.27, 0.39, 0, 299, 98, 0
1141, 389, -10.27, 0.39, 0, 299, 98, 0
1269, 389, -10.39, 0.35, -0.03, 299, 98, 0
1285, 389, -10.39, 0.35, -0.03, 299, 81, 0
1333, 389, -10.39, 0.35, -0.03, 300, 81, 0
1349, 253, -10.39, 0.35, -0.03, 300, 81, 0
1461, 253, -10.31, 0.39, 0.03, 300, 81, 0
1478, 253, -10.31, 0.39, 0.03, 300, 72, 0
1542, 253, -10.31, 0.39, 0.03, 300, 72, 0
1558, 201, -10.31, 0.39, 0.03, 300, 72, 0
1670, 201, -10.39, 0.39, 0.03, 300, 72, 0
1686, 201, -10.39, 0.39, 0.03, 300, 73, 0
1734, 201, -10.39, 0.39, 0.03, 300, 73, 0
1750, 172, -10.39, 0.39, 0.03, 300, 73, 0
1878, 172, -10.27, 0.43, 0, 300, 73, 0
1894, 172, -10.27, 0.43, 0, 300, 73, 0
1926, 172, -10.27, 0.43, 0, 300, 73, 0
1942, 136, -10.27, 0.43, 0, 300, 73, 0
2070, 136, -10.27, 0.39, 0.03, 300, 73, 0
2086, 136, -10.27, 0.39, 0.03, 300, 75, 0
2134, 136, -10.27, 0.39, 0.03, 299, 75, 0
2150, 197, -10.27, 0.39, 0.03, 299, 75, 0
2278, 197, -10.23, 0.54, 0, 299, 75, 0
2294, 197, -10.23, 0.54, 0, 299, 87, 0
2342, 197, -10.23, 0.54, 0, 300, 87, 0
2358, 223, -10.23, 0.54, 0, 300, 87, 0
2486, 223, -10.27, 0.5, 0.03, 300, 87, 0
2506, 223, -10.27, 0.5, 0.03, 300, 73, 0
2534, 223, -10.27, 0.5, 0.03, 300, 73, 0
2551, 342, -10.27, 0.5, 0.03, 300, 73, 0
2678, 342, -10.27, 0.35, 0.07, 300, 73, 0
2694, 342, -10.27, 0.35, 0.07, 300, 79, 0
2742, 342, -10.27, 0.35, 0.07, 300, 79, 0
2758, 326, -10.27, 0.35, 0.07, 300, 79, 0
2903, 326, -10.27, 0.47, 0, 300, 79, 0
2913, 326, -10.27, 0.47, 0, 300, 80, 0
2935, 326, -10.27, 0.47, 0, 300, 80, 0
2966, 355, -10.27, 0.47, 0, 300, 80, 0
3095, 355, -10.23, 0.39, 0, 300, 80, 0
3111, 355, -10.23, 0.39, 0, 300, 106, 0
3143, 355, -10.23, 0.39, 0, 300, 106, 0
3159, 371, -10.23, 0.39, 0, 300, 106, 0
3303, 371, -10.31, 0.35, 0.07, 300, 106, 0
3318, 371, -10.31, 0.35, 0.07, 300, 95, 0
3351, 371, -10.31, 0.35, 0.07, 300, 95, 0
3381, 343, -10.31, 0.35, 0.07, 300, 95, 0
3495, 343, -10.27, 0.47, 0, 300, 95, 0
3511, 343, -10.27, 0.47, 0, 300, 84, 0
3543, 343, -10.27, 0.47, 0, 300, 84, 0
3575, 261, -10.27, 0.47, 0, 300, 84, 0
3703, 261, -10.27, 0.43, 0, 300, 84, 0
3719, 261, -10.27, 0.43, 0, 300, 74, 0
3751, 261, -10.27, 0.43, 0, 301, 74, 0
3767, 193, -10.27, 0.43, 0, 301, 74, 0
3911, 193, -10.35, 0.43, -0.03, 301, 74, 0
3917, 193, -10.35, 0.43, -0.03, 301, 83, 0
3959, 193, -10.35, 0.43, -0.03, 300, 83, 0
3975, 191, -10.35, 0.43, -0.03, 300, 83, 0
4103, 191, -10.23, 0.35, 0, 300, 83, 0
4119, 191, -10.23, 0.35, 0, 300, 82, 0
4152, 191, -10.23, 0.35, 0, 300, 82, 0
4168, 150, -10.23, 0.35, 0, 300, 82, 0
4312, 150, -10.23, 0.39, 0.07, 300, 82, 0
4328, 150, -10.23, 0.39, 0.07, 300, 72, 0
4360, 150, -10.23, 0.39, 0.07, 300, 72, 0
4376, 111, -10.23, 0.39, 0.07, 300, 72, 0
4520, 111, -10.35, 0.43, -0.03, 300, 72, 0
4525, 111, -10.35, 0.43, -0.03, 300, 71, 0
4552, 111, -10.35, 0.43, -0.03, 300, 71, 0
4568, 107, -10.35, 0.43, -0.03, 300, 71, 0
4712, 107, -10.27, 0.43, 0.03, 300, 71, 0
4728, 107, -10.27, 0.43, 0.03, 300, 71, 0
4760, 107, -10.27, 0.43, 0.03, 300, 71, 0
4776, 137, -10.27, 0.43, 0.03, 300, 71, 0
4920, 137, -10.31, 0.47, 0, 300, 71, 0
4936, 137, -10.31, 0.47, 0, 300, 73, 0
4952, 137, -10.31, 0.47, 0, 300, 73, 0
4984, 143, -10.31, 0.47, 0, 300, 73, 0
5128, 143, -10.31, 0.47, -0.03, 300, 73, 0
5141, 143, -10.31, 0.47, -0.03, 300, 79, 0
5160, 143, -10.31, 0.47, -0.03, 300, 79, 0
5176, 153, -10.31, 0.47, -0.03, 300, 79, 0
5320, 153, -10.27, 0.43, 0, 300, 79, 0
5336, 153, -10.27, 0.43, 0, 300, 119, 0
5369, 153, -10.27, 0.43, 0, 300, 119, 0
5385, 155, -10.27, 0.43, 0, 300, 119, 0
5529, 155, -10.27, 0.39, 0, 300, 119, 0
5545, 155, -10.27, 0.39, 0, 300, 104, 0
5561, 155, -10.27, 0.39, 0, 300, 104, 0
5577, 159, -10.27, 0.39, 0, 300, 104, 0
5721, 159, -10.39, 0.39, 0.07, 300, 104, 0
5737, 159, -10.39, 0.39, 0.07, 300, 99, 0
5769, 159, -10.39, 0.39, 0.07, 300, 99, 0
5785, 193, -10.39, 0.39, 0.07, 300, 99, 0
5929, 193, -10.23, 0.39, 0, 300, 99, 0
5945, 193, -10.23, 0.39, 0, 300, 117, 0
5977, 193, -10.23, 0.39, 0, 300, 117, 0
5993, 141, -10.23, 0.39, 0, 300, 117, 0
6137, 141, -10.31, 0.47, 0.03, 300, 117, 0
6153, 141, -10.31, 0.47, 0.03, 300, 109, 0
6169, 141, -10.31, 0.47, 0.03, 300, 109, 0
6185, 118, -10.31, 0.47, 0.03, 300, 109, 0
6345, 118, -10.27, 0.47, 0, 300, 109, 0
6361, 118, -10.27, 0.47, 0, 300, 101, 0
6377, 118, -10.27, 0.47, 0, 299, 101, 0
6393, 126, -10.27, 0.47, 0, 299, 101, 0
6537, 126, -10.31, 0.43, 0, 299, 101, 0
6554, 126, -10.31, 0.43, 0, 299, 76, 0
6570, 126, -10.31, 0.43, 0, 300, 76, 0
6586, 155, -10.31, 0.43, 0, 300, 76, 0
6746, 155, -10.31, 0.43, -0.07, 300, 76, 0
6762, 155, -10.31, 0.43, -0.07, 300, 101, 0
6778, 155, -10.31, 0.43, -0.07, 299, 101, 0
6794, 164, -10.31, 0.43, -0.07, 299, 101, 0
6954, 164, -10.31, 0.39, 0.03, 299, 101, 0
6958, 164, -10.31, 0.39, 0.03, 299, 89, 0
6986, 164, -10.31, 0.39, 0.03, 300, 89, 0
6991, 139, -10.31, 0.39, 0.03, 300, 89, 0
7146, 139, -10.31, 0.47, 0, 300, 89, 0
7162, 139, -10.31, 0.47, 0, 300, 74, 0
7178, 139, -10.31, 0.47, 0, 300, 74, 0
7194, 140, -10.31, 0.47, 0, 300, 74, 0
7354, 140, -10.31, 0.43, 0.07, 300, 74, 0
7370, 140, -10.31, 0.43, 0.07, 300, 78, 0
7386, 140, -10.31, 0.43, 0.07, 300, 78, 0
7402, 160, -10.31, 0.43, 0.07, 300, 78, 0
7562, 160, -10.27, 0.31, 0, 300, 78, 0
7568, 160, -10.27, 0.31, 0, 300, 91, 0
7594, 160, -10.27, 0.31, 0, 301, 91, 0
7610, 169, -10.27, 0.31, 0, 301, 91, 0
7754, 169, -10.27, 0.43, 0, 301, 91, 0
7770, 169, -10.27, 0.43, 0, 301, 87, 0
7786, 169, -10.27, 0.43, 0, 301, 87, 0
7803, 158, -10.27, 0.43, 0, 301, 87, 0
7963, 158, -10.31, 0.47, 0.11, 301, 87, 0
7979, 158, -10.31, 0.47, 0.11, 301, 89, 0
7994, 158, -10.31, 0.47, 0.11, 301, 89, 0
8010, 170, -10.31, 0.47, 0.11, 301, 89, 0
8171, 170, -10.23, 0.39, 0.03, 301, 89, 0
8187, 170, -10.23, 0.39, 0.03, 301, 82, 0
8203, 170, -10.23, 0.39, 0.03, 300, 82, 0
8219, 192, -10.23, 0.39, 0.03, 300, 82, 0
8363, 192, -10.31, 0.39, 0, 300, 82, 0
8379, 192, -10.31, 0.39, 0, 300, 73, 0
8395, 192, -10.31, 0.39, 0, 300, 73, 0
8411, 171, -10.31, 0.39, 0, 300, 73, 0
8571, 171, -10.19, 0.39, 0.03, 300, 73, 0
8587, 171, -10.19, 0.39, 0.03, 300, 88, 0
8603, 171, -10.19, 0.39, 0.03, 300, 88, 0
8619, 149, -10.19, 0.39, 0.03, 300, 88, 0
8763, 149, -10.27, 0.43, -0.03, 300, 88, 0
8795, 149, -10.27, 0.43, -0.03, 300, 139, 0
8811, 149, -10.27, 0.43, -0.03, 300, 139, 0
8827, 143, -10.27, 0.43, -0.03, 300, 139, 0
8971, 143, -10.27, 0.35, 0, 300, 139, 0
9003, 143, -10.27, 0.35, 0, 300, 168, 0
9019, 143, -10.27, 0.35, 0, 300, 168, 0
9035, 166, -10.27, 0.35, 0, 300, 168, 0
9179, 166, -10.35, 0.47, 0, 300, 168, 0
9195, 166, -10.35, 0.47, 0, 300, 152, 0
9212, 166, -10.35, 0.47, 0, 300, 152, 0
9228, 167, -10.35, 0.47, 0, 300, 152, 0
9387, 167, -10.39, 0.35, 0.03, 300, 152, 0
9404, 167, -10.39, 0.35, 0.03, 300, 145, 0
9420, 167, -10.39, 0.35, 0.03, 300, 145, 0
9436, 152, -10.39, 0.35, 0.03, 300, 145, 0
9580, 152, -10.27, 0.35, -0.03, 300, 145, 0
9596, 152, -10.27, 0.35, -0.03, 300, 129, 0
9628, 152, -10.27, 0.35, -0.03, 301, 129, 0
9644, 151, -10.27, 0.35, -0.03, 301, 129, 0
9788, 151, -10.27, 0.35, -0.03, 300, 129, 0
9804, 177, -10.27, 0.35, -0.03, 300, 129, 0
9836, 177, -10.39, 0.47, -0.03, 300, 129, 0
9852, 177, -10.39, 0.47, -0.03, 300, 130, 0
9996, 177, -11.21, 0.03, 0.62, 300, 130, 0
10012, 177, -11.21, 0.03, 0.62, 300, 98, 0
10028, 177, -11.21, 0.03, 0.62, 300, 98, 0
10044, 265, -11.21, 0.03, 0.62, 300, 98, 0
10188, 265, -8.94, 0.15, -1.8, 300, 98, 0
10204, 265, -8.94, 0.15, -1.8, 300, 120, 0
10236, 265, -8.94, 0.15, -1.8, 300, 120, 0
10252, 278, -8.94, 0.15, -1.8, 300, 120, 0
10396, 278, -8.59, 0.62, -5.45, 300, 120, 0
10412, 278, -8.59, 0.62, -5.45, 300, 174, 0
10428, 278, -8.59, 0.62, -5.45, 300, 174, 0
10444, 181, -8.59, 0.62, -5.45, 300, 174, 0
10604, 181, -8.59, 0.62, -5.45, 300, 174, 1
10620, 227, -8.59, 0.62, -5.45, 300, 174, 1
10636, 227, -8.11, 0.47, -6.74, 300, 174, 1
10653, 227, -8.11, 0.47, -6.74, 300, 353, 1
10797, 227, -8.11, 0.47, -6.74, 300, 353, 1
10813, 281, -8.11, 0.47, -6.74, 300, 353, 1
10845, 281, -7.49, 0.23, -7.53, 300, 353, 1
10861, 281, -7.49, 0.23, -7.53, 300, 507, 1
11005, 281, -6.7, 0.23, -7.64, 300, 507, 1
11021, 281, -6.7, 0.23, -7.64, 300, 579, 1
11037, 281, -6.7, 0.23, -7.64, 300, 579, 1
11069, 247, -6.7, 0.23, -7.64, 300, 579, 1
11229, 247, -5.8, 0, -9.17, 300, 579, 1
11245, 247, -5.8, 0, -9.17, 301, 579, 1
11261, 159, -5.8, 0, -9.17, 301, 579, 1
11277, 159, -5.8, 0, -9.17, 301, 845, 1
11405, 159, -5.8, 0, -9.17, 301, 845, 1
11421, 184, -5.8, 0, -9.17, 301, 845, 1
11453, 184, -4.66, -0.5, -9.25, 301, 845, 1
11469, 184, -4.66, -0.5, -9.25, 301, 956, 1
11613, 184, -4.66, -0.5, -9.25, 300, 956, 1
11629, 194, -4.66, -0.5, -9.25, 300, 956, 1
11645, 194, -5.49, -0.35, -9.1, 300, 956, 1
11661, 194, -5.49, -0.35, -9.1, 300, 957, 1
11805, 194, -5.49, -0.35, -9.1, 301, 957, 1
11821, 167, -5.49, -0.35, -9.1, 301, 957, 1
11853, 167, -5.25, 0.11, -9.41, 301, 957, 1
11869, 167, -5.25, 0.11, -9.41, 301, 956, 1
12013, 167, -5.25, 0.11, -9.41, 301, 956, 1
12030, 140, -5.25, 0.11, -9.41, 301, 956, 1
12046, 140, -6, 0.11, -9.13, 301, 956, 1
12062, 140, -6, 0.11, -9.13, 301, 957, 1
12206, 140, -6, 0.11, -9.13, 301, 957, 1
12222, 111, -6, 0.11, -9.13, 301, 957, 1
12254, 111, -5.96, -0.07, -8.47, 301, 957, 1
12270, 111, -5.96, -0.07, -8.47, 301, 883, 1
12414, 111, -5.96, -0.07, -8.47, 301, 883, 1
12430, 125, -5.96, -0.07, -8.47, 301, 883, 1
12446, 125, -6.04, -0.03, -8.51, 301, 883, 1
12462, 125, -6.04, -0.03, -8.51, 301, 774, 1
12622, 125, -6.04, -0.03, -8.51, 300, 774, 1
12638, 112, -6.04, -0.03, -8.51, 300, 774, 1
12654, 112, -6.35, -0.03, -8.51, 300, 774, 1
12670, 112, -6.35, -0.03, -8.51, 300, 698, 1
12814, 112, -6.35, -0.03, -8.51, 301, 698, 1
12831, 125, -6.35, -0.03, -8.51, 301, 698, 1
12848, 125, -6.19, 0, -8.47, 301, 698, 1
12878, 125, -6.19, 0, -8.47, 301, 557, 1
13022, 125, -6.19, 0, -8.47, 301, 557, 1
13038, 152, -6.19, 0, -8.47, 301, 557, 1
13054, 152, -6.15, -0.07, -8.66, 301, 557, 1
13070, 152, -6.15, -0.07, -8.66, 301, 515, 1
13214, 152, -6.15, -0.07, -8.66, 301, 515, 1
13230, 195, -6.15, -0.07, -8.66, 301, 515, 1
13262, 195, -6.19, 0, -8.51, 301, 515, 1
13278, 195, -6.19, 0, -8.51, 301, 406, 1
13423, 195, -6.19, 0, -8.51, 300, 406, 1
13438, 204, -6.19, 0, -8.51, 300, 406, 1
13455, 204, -6.15, -0.03, -8.59, 300, 406, 1
13471, 204, -6.15, -0.03, -8.59, 300, 323, 1
13631, 204, -6.15, -0.03, -8.59, 300, 323, 1
13647, 218, -6.15, -0.03, -8.59, 300, 323, 1
13663, 218, -6.15, -0.07, -8.47, 300, 323, 1
13679, 218, -6.15, -0.07, -8.47, 300, 409, 1
13823, 218, -6.15, -0.07, -8.47, 302, 409, 1
13839, 224, -6.15, -0.07, -8.47, 302, 409, 1
13871, 224, -6.11, -0.03, -8.59, 302, 409, 1
13887, 224, -6.11, -0.03, -8.59, 302, 294, 1
14015, 224, -6.11, -0.03, -8.59, 301, 294, 1
14047, 273, -6.11, -0.03, -8.59, 301, 294, 1
14063, 273, -5.92, -0.07, -8.39, 301, 294, 1
14079, 273, -5.92, -0.07, -8.39, 301, 303, 1
14223, 273, -5.92, -0.07, -8.39, 300, 303, 0
14239, 203, -5.92, -0.07, -8.39, 300, 303, 0
14271, 203, -6.27, -0.11, -8.62, 300, 303, 0
14287, 203, -6.27, -0.11, -8.62, 300, 279, 0
14431, 203, -6.27, -0.11, -8.62, 301, 279, 0
14447, 175, -6.27, -0.11, -8.62, 301, 279, 0
14463, 175, -6.19, -0.11, -8.43, 301, 279, 0
14479, 175, -6.19, -0.11, -8.43, 301, 291, 0
14623, 175, -6.19, -0.11, -8.43, 302, 291, 0
14655, 176, -6.19, -0.11, -8.43, 302, 291, 0
14672, 176, -6.27, -0.03, -8.59, 302, 291, 0
14688, 176, -6.27, -0.03, -8.59, 302, 269, 0
14832, 176, -6.27, -0.03, -8.59, 301, 269, 0
14848, 201, -6.27, -0.03, -8.59, 301, 269, 0
14864, 201, -6.31, 0.07, -8.78, 301, 269, 0
14880, 201, -6.31, 0.07, -8.78, 301, 352, 0
15040, 201, -6.31, 0.07, -8.78, 302, 352, 0
15056, 185, -6.31, 0.07, -8.78, 302, 352, 0
15072, 185, -6.19, -0.19, -8.39, 302, 352, 0
15088, 185, -6.19, -0.19, -8.39, 302, 292, 0
15232, 185, -6.19, -0.19, -8.39, 301, 292, 0
15248, 212, -6.19, -0.19, -8.39, 301, 292, 0
15264, 212, -6.43, 0, -8.51, 301, 292, 0
15296, 212, -6.43, 0, -8.51, 301, 252, 0
15440, 212, -6.43, 0, -8.51, 301, 252, 0
15456, 204, -6.43, 0, -8.51, 301, 252, 0
15472, 204, -6.31, -0.19, -8.47, 301, 252, 0
15488, 204, -6.31, -0.19, -8.47, 301, 281, 0
15632, 204, -6.31, -0.19, -8.47, 302, 281, 0
15648, 230, -6.31, -0.19, -8.47, 302, 281, 0
15680, 230, -6.19, -0.11, -8.35, 302, 281, 0
15696, 230, -6.19, -0.11, -8.35, 302, 279, 0
15840, 230, -6.19, -0.11, -8.35, 301, 279, 0
15856, 221, -6.19, -0.11, -8.35, 301, 279, 0
15888, 221, -6.39, -0.11, -8.39, 301, 279, 0
15904, 221, -6.39, -0.11, -8.39, 301, 291, 0
16048, 221, -6.39, -0.11, -8.39, 301, 291, 0
16064, 213, -6.39, -0.11, -8.39, 301, 291, 0
16081, 213, -6.31, -0.11, -8.39, 301, 291, 0
16099, 213, -6.31, -0.11, -8.39, 301, 245, 0
16241, 213, -6.31, -0.11, -8.39, 301, 245, 0
16257, 194, -6.31, -0.11, -8.39, 301, 245, 0
16289, 194, -6.35, 0, -8.43, 301, 245, 0
16305, 194, -6.35, 0, -8.43, 301, 209, 0
16449, 194, -6.35, 0, -8.43, 302, 209, 2
16465, 164, -6.35, 0, -8.43, 302, 209, 2
16481, 164, -6.66, 0, -8.19, 302, 209, 2
16497, 164, -6.66, 0, -8.19, 302, 235, 2
16641, 164, -6.66, 0, -8.19, 302, 235, 2
16657, 198, -6.66, 0, -8.19, 302, 235, 2
16689, 198, -8.39, 0.39, -8.31, 302, 235, 2
16705, 198, -8.39, 0.39, -8.31, 302, 245, 2
16849, 198, -8.39, 0.39, -8.31, 302, 245, 2
16865, 175, -8.39, 0.39, -8.31, 302, 245, 2
16897, 175, -8.74, -1.8, -6.27, 302, 245, 2
16913, 175, -8.74, -1.8, -6.27, 302, 237, 2
17057, 175, -8.74, -1.8, -6.27, 302, 237, 2
17073, 188, -8.74, -1.8, -6.27, 302, 237, 2
17089, 188, -8.35, -3.8, -4.98, 302, 237, 2
17105, 188, -8.35, -3.8, -4.98, 302, 246, 2
17249, 188, -8.35, -3.8, -4.98, 302, 246, 2
17265, 306, -8.35, -3.8, -4.98, 302, 246, 2
17297, 306, -7.92, -5.41, -4.31, 302, 246, 2
17314, 306, -7.92, -5.41, -4.31, 302, 399, 2
17457, 306, -7.92, -5.41, -4.31, 301, 399, 2
17473, 464, -7.92, -5.41, -4.31, 301, 399, 2
17506, 464, -7.06, -6.59, -4, 301, 399, 2
17522, 464, -7.06, -6.59, -4, 301, 955, 2
17650, 464, -7.06, -6.59, -4, 300, 955, 2
17666, 538, -7.06, -6.59, -4, 300, 955, 2
17698, 538, -5.21, -7.72, -4.15, 300, 955, 2
17714, 538, -5.21, -7.72, -4.15, 300, 955, 2
17858, 538, -5.21, -7.72, -4.15, 299, 955, 2
17874, 565, -5.21, -7.72, -4.15, 299, 955, 2
17906, 565, -3.96, -7.96, -4.66, 299, 955, 2
17922, 565, -3.96, -7.96, -4.66, 299, 515, 2
18050, 565, -3.96, -7.96, -4.66, 299, 515, 2
18066, 613, -3.96, -7.96, -4.66, 299, 515, 2
18114, 613, -2.94, -7.68, -5.68, 299, 515, 2
18130, 613, -2.94, -7.68, -5.68, 299, 262, 2
18258, 613, -2.94, -7.68, -5.68, 298, 262, 2
18274, 622, -2.94, -7.68, -5.68, 298, 262, 2
18306, 622, -2.47, -7.53, -6.55, 298, 262, 2
18338, 622, -2.47, -7.53, -6.55, 298, 260, 2
18466, 622, -2.47, -7.53, -6.55, 298, 260, 2
18482, 791, -2.47, -7.53, -6.55, 298, 260, 2
18514, 791, -2.35, -7.45, -6.9, 298, 260, 2
18530, 791, -2.35, -7.45, -6.9, 298, 292, 2
18658, 791, -2.35, -7.45, -6.9, 298, 292, 2
18674, 673, -2.35, -7.45, -6.9, 298, 292, 2
18723, 673, -1.92, -7.25, -6.98, 298, 292, 2
18739, 673, -1.92, -7.25, -6.98, 298, 356, 2
18867, 673, -1.92, -7.25, -6.98, 298, 356, 2
18883, 578, -1.92, -7.25, -6.98, 298, 356, 2
18930, 578, -1.8, -7.17, -6.98, 298, 356, 2
18947, 578, -1.8, -7.17, -6.98, 298, 334, 2
19075, 578, -1.8, -7.17, -6.98, 298, 334, 2
19091, 493, -1.8, -7.17, -6.98, 298, 334, 2
19123, 493, -1.21, -7.06, -7.29, 298, 334, 2
19139, 493, -1.21, -7.06, -7.29, 298, 310, 2
19267, 493, -1.21, -7.06, -7.29, 299, 310, 2
19283, 419, -1.21, -7.06, -7.29, 299, 310, 2
19331, 419, -1.37, -7.1, -7.49, 299, 310, 2
19347, 419, -1.37, -7.1, -7.49, 299, 309, 2
19459, 419, -1.37, -7.1, -7.49, 299, 309, 2
19491, 325, -1.37, -7.1, -7.49, 299, 309, 2
19539, 325, -1.64, -7.1, -7.45, 299, 309, 2
19555, 325, -1.64, -7.1, -7.45, 299, 333, 2
19667, 325, -1.64, -7.1, -7.45, 299, 333, 2
19683, 273, -1.64, -7.1, -7.45, 299, 333, 2
19731, 273, -1.72, -7.1, -7.25, 299, 333, 2
19747, 273, -1.72, -7.1, -7.25, 299, 321, 2
19875, 273, -1.72, -7.1, -7.25, 299, 321, 2
19891, 224, -1.72, -7.1, -7.25, 299, 321, 2
19939, 224, -1.8, -7.02, -7.37, 299, 321, 2
19956, 224, -1.8, -7.02, -7.37, 299, 372, 2
20083, 224, -1.8, -7.02, -7.37, 299, 372, 2
20099, 240, -1.8, -7.02, -7.37, 299, 372, 2
20147, 240, -1.8, -6.98, -7.29, 299, 372, 2
20164, 240, -1.8, -6.98, -7.29, 299, 362, 2
20276, 240, -1.8, -6.98, -7.29, 300, 362, 2
20292, 183, -1.8, -6.98, -7.29, 300, 362, 2
20340, 183, -1.84, -7.06, -7.29, 300, 362, 2
20356, 183, -1.84, -7.06, -7.29, 300, 321, 2
20468, 183, -1.84, -7.06, -7.29, 300, 321, 2
20484, 146, -1.84, -7.06, -7.29, 300, 321, 2
20548, 146, -1.88, -6.98, -7.45, 300, 321, 2
20564, 146, -1.88, -6.98, -7.45, 300, 279, 2
20676, 146, -1.88, -6.98, -7.45, 299, 279, 0
20692, 101, -1.88, -6.98, -7.45, 299, 279, 0
20740, 101, -1.72, -7.06, -7.29, 299, 279, 0
20772, 101, -1.72, -7.06, -7.29, 299, 290, 0
20884, 101, -1.72, -7.06, -7.29, 300, 290, 0
20900, 134, -1.72, -7.06, -7.29, 300, 290, 0
20948, 134, -1.84, -7.13, -7.37, 300, 290, 0
20964, 134, -1.84, -7.13, -7.37, 300, 281, 0
21076, 134, -1.84, -7.13, -7.37, 300, 281, 0
21092, 99, -1.84, -7.13, -7.37, 300, 281, 0
21156, 99, -1.84, -7.02, -7.33, 300, 281, 0
21172, 99, -1.84, -7.02, -7.33, 300, 281, 0
21284, 99, -1.84, -7.02, -7.33, 300, 281, 0
21300, 75, -1.84, -7.02, -7.33, 300, 281, 0
21348, 75, -1.8, -7.06, -7.21, 300, 281, 0
21380, 75, -1.8, -7.06, -7.21, 300, 247, 0
21476, 75, -1.8, -7.06, -7.21, 300, 247, 0
21492, 59, -1.8, -7.06, -7.21, 300, 247, 0
21557, 59, -1.88, -7.02, -7.29, 300, 247, 0
21573, 59, -1.88, -7.02, -7.29, 300, 251, 0
21685, 59, -1.88, -7.02, -7.29, 300, 251, 0
21701, 99, -1.88, -7.02, -7.29, 300, 251, 0
21765, 99, -1.92, -7.1, -7.29, 300, 251, 0
21781, 99, -1.92, -7.1, -7.29, 300, 262, 0
21877, 99, -1.92, -7.1, -7.29, 300, 262, 0
21893, 92, -1.92, -7.1, -7.29, 300, 262, 0
21973, 92, -1.76, -7.13, -7.21, 300, 262, 0
21989, 92, -1.76, -7.13, -7.21, 300, 260, 0
22085, 92, -1.76, -7.13, -7.21, 300, 260, 0
22101, 86, -1.76, -7.13, -7.21, 300, 260, 0
22165, 86, -1.88, -7.06, -7.21, 300, 260, 0
22197, 86, -1.88, -7.06, -7.21, 300, 181, 0
22277, 86, -1.88, -7.06, -7.21, 301, 181, 0
22309, 103, -1.88, -7.06, -7.21, 301, 181, 0
22373, 103, -1.84, -7.06, -7.29, 301, 181, 0
22392, 103, -1.84, -7.06, -7.29, 301, 175, 0
22485, 103, -1.84, -7.06, -7.29, 301, 175, 0
22501, 74, -1.84, -7.06, -7.29, 301, 175, 0
22581, 74, -1.88, -7.1, -7.41, 301, 175, 0
22597, 74, -1.88, -7.1, -7.41, 301, 210, 0
22693, 74, -1.88, -7.1, -7.41, 301, 210, 3
22709, 119, -1.88, -7.1, -7.41, 301, 210, 3
22774, 119, -1.76, -6.82, -7.6, 301, 210, 3
22790, 119, -1.76, -6.82, -7.6, 301, 240, 3
22886, 119, -1.76, -6.82, -7.6, 294, 240, 3
22902, 164, -1.76, -6.82, -7.6, 294, 240, 3
22982, 164, -1.21, -7.02, -7.6, 294, 240, 3
22998, 164, -1.21, -7.02, -7.6, 294, 221, 3
23094, 164, -1.21, -7.02, -7.6, 273, 221, 3
23110, 391, -1.21, -7.02, -7.6, 273, 221, 3
23190, 391, -2.07, -6.94, -7.17, 273, 221, 3
23206, 391, -2.07, -6.94, -7.17, 273, 212, 3
23286, 391, -2.07, -6.94, -7.17, 264, 212, 3
23318, 902, -2.07, -6.94, -7.17, 264, 212, 3
23382, 902, -2.78, -6.08, -7.76, 264, 212, 3
23398, 902, -2.78, -6.08, -7.76, 264, 207, 3
23494, 902, -2.78, -6.08, -7.76, 265, 207, 3
23510, 929, -2.78, -6.08, -7.76, 265, 207, 3
23590, 929, -3.41, -6.19, -8.43, 265, 207, 3
23606, 929, -3.41, -6.19, -8.43, 265, 179, 3
23702, 929, -3.41, -6.19, -8.43, 261, 179, 3
23718, 943, -3.41, -6.19, -8.43, 261, 179, 3
23798, 943, -3.33, -5.84, -8.39, 261, 179, 3
23814, 943, -3.33, -5.84, -8.39, 261, 198, 3
23894, 943, -3.33, -5.84, -8.39, 263, 198, 3
23910, 927, -3.33, -5.84, -8.39, 263, 198, 3
23990, 927, -3.02, -5.45, -8.35, 263, 198, 3
24006, 927, -3.02, -5.45, -8.35, 263, 156, 3
24102, 927, -3.02, -5.45, -8.35, 263, 156, 3
24118, 929, -3.02, -5.45, -8.35, 263, 156, 3
24198, 929, -3.88, -5.72, -7.29, 263, 156, 3
24215, 929, -3.88, -5.72, -7.29, 263, 123, 3
24295, 929, -3.88, -5.72, -7.29, 265, 123, 3
24311, 783, -3.88, -5.72, -7.29, 265, 123, 3
24391, 783, -4.04, -5.37, -7.6, 265, 123, 3
24423, 783, -4.04, -5.37, -7.6, 265, 117, 3
24505, 783, -4.04, -5.37, -7.6, 267, 117, 3
24519, 781, -4.04, -5.37, -7.6, 267, 117, 3
24599, 781, -4.51, -5.41, -7.64, 267, 117, 3
24615, 781, -4.51, -5.41, -7.64, 267, 150, 3
24711, 781, -4.51, -5.41, -7.64, 267, 150, 3
24727, 577, -4.51, -5.41, -7.64, 267, 150, 3
24807, 577, -4.35, -6.31, -7.41, 267, 150, 3
24823, 577, -4.35, -6.31, -7.41, 267, 139, 3
24903, 577, -4.35, -6.31, -7.41, 268, 139, 3
24919, 261, -4.35, -6.31, -7.41, 268, 139, 3
25015, 261, -4.82, -6.51, -6.78, 268, 139, 3
25031, 261, -4.82, -6.51, -6.78, 268, 116, 3
25111, 261, -4.82, -6.51, -6.78, 263, 116, 3
25127, 1, -4.82, -6.51, -6.78, 263, 116, 3
25207, 1, -4.55, -6.62, -6.74, 263, 116, 3
25223, 1, -4.55, -6.62, -6.74, 263, 97, 3
25303, 1, -4.55, -6.62, -6.74, 262, 97, 3
25319, 1, -4.55, -6.62, -6.74, 262, 97, 3
25415, 1, -4.58, -7.02, -6.08, 262, 97, 3
25431, 1, -4.58, -7.02, -6.08, 262, 105, 3
25511, 1, -4.58, -7.02, -6.08, 264, 105, 3
25528, 1, -4.58, -7.02, -6.08, 264, 105, 3
25624, 1, -4.39, -7.33, -5.64, 264, 105, 3
25640, 1, -4.39, -7.33, -5.64, 264, 142, 3
25720, 1, -4.39, -7.33, -5.64, 266, 142, 3
25736, 1, -4.39, -7.33, -5.64, 266, 142, 3
25816, 1, -4.78, -7.49, -5.45, 266, 142, 3
25848, 1, -4.78, -7.49, -5.45, 266, 143, 3
25912, 1, -4.78, -7.49, -5.45, 269, 143, 3
25928, 1, -4.78, -7.49, -5.45, 269, 143, 3
26024, 1, -4.43, -7.96, -5.06, 269, 143, 3
26040, 1, -4.43, -7.96, -5.06, 269, 149, 3
26104, 1, -4.43, -7.96, -5.06, 271, 149, 3
26136, 1, -4.43, -7.96, -5.06, 271, 149, 3
26232, 1, -4.55, -7.96, -4.55, 271, 149, 3
26248, 1, -4.55, -7.96, -4.55, 271, 148, 3
26312, 1, -4.55, -7.96, -4.55, 272, 148, 3
26328, 1, -4.55, -7.96, -4.55, 272, 148, 3
26440, 1, -4.55, -7.8, -4.35, 272, 148, 0
26456, 1, -4.55, -7.8, -4.35, 272, 148, 0
26520, 1, -4.55, -7.8, -4.35, 274, 148, 0
26536, 1, -4.55, -7.8, -4.35, 274, 148, 0
26632, 1, -5.02, -8.11, -4.23, 274, 148, 0
26648, 1, -5.02, -8.11, -4.23, 274, 115, 0
26712, 1, -5.02, -8.11, -4.23, 275, 115, 0
26728, 240, -5.02, -8.11, -4.23, 275, 115, 0
26840, 240, -5.33, -8.31, -3.96, 275, 115, 0
26857, 240, -5.33, -8.31, -3.96, 275, 101, 0
26921, 240, -5.33, -8.31, -3.96, 276, 101, 0
26937, 1, -5.33, -8.31, -3.96, 276, 101, 0
27033, 1, -5.09, -8.08, -3.6, 276, 101, 0
27049, 1, -5.09, -8.08, -3.6, 276, 77, 0
27113, 1, -5.09, -8.08, -3.6, 279, 77, 0
27145, 23, -5.09, -8.08, -3.6, 279, 77, 0
27241, 23, -5.13, -8.31, -3.45, 279, 77, 0
27257, 23, -5.13, -8.31, -3.45, 279, 82, 0
27321, 23, -5.13, -8.31, -3.45, 279, 82, 0
27337, 55, -5.13, -8.31, -3.45, 279, 82, 0
27449, 55, -5.33, -8.23, -3.17, 279, 82, 0
27465, 55, -5.33, -8.23, -3.17, 279, 125, 0
27529, 55, -5.33, -8.23, -3.17, 279, 125, 0
27545, 1, -5.33, -8.23, -3.17, 279, 125, 0
27641, 1, -5.09, -8.35, -3.25, 279, 125, 0
27657, 1, -5.09, -8.35, -3.25, 279, 121, 0
27722, 1, -5.09, -8.35, -3.25, 280, 121, 0
27737, 1, -5.09, -8.35, -3.25, 280, 121, 0
27849, 1, -5.09, -8.23, -3.09, 280, 121, 0
27865, 1, -5.09, -8.23, -3.09, 280, 97, 0
27929, 1, -5.09, -8.23, -3.09, 281, 97, 0
27936, 12, -5.09, -8.23, -3.09, 281, 97, 0
28057, 12, -4.98, -8.31, -3.25, 281, 97, 0
28073, 12, -4.98, -8.31, -3.25, 281, 117, 0
28122, 12, -4.98, -8.31, -3.25, 280, 117, 0
28138, 63, -4.98, -8.31, -3.25, 280, 117, 0
28250, 63, -5.02, -8.27, -3.21, 280, 117, 0
28266, 63, -5.02, -8.27, -3.21, 280, 98, 0
28330, 63, -5.02, -8.27, -3.21, 281, 98, 0
28346, 33, -5.02, -8.27, -3.21, 281, 98, 0
28458, 33, -5.09, -8.23, -3.17, 281, 98, 0
28474, 33, -5.09, -8.23, -3.17, 281, 98, 0
28522, 33, -5.09, -8.23, -3.17, 281, 98, 0
28538, 9, -5.09, -8.23, -3.17, 281, 98, 0
28666, 9, -5.17, -8.23, -3.25, 281, 98, 0
28682, 9, -5.17, -8.23, -3.25, 281, 105, 0
28730, 9, -5.17, -8.23, -3.25, 282, 105, 0
28746, 120, -5.17, -8.23, -3.25, 282, 105, 0
28858, 120, -5.09, -8.27, -3.29, 282, 105, 0
28890, 120, -5.09, -8.27, -3.29, 282, 116, 0
28938, 120, -5.09, -8.27, -3.29, 282, 116, 0
28954, 193, -5.09, -8.27, -3.29, 282, 116, 0
29066, 193, -5.02, -8.19, -3.25, 282, 116, 0
29082, 193, -5.02, -8.19, -3.25, 282, 118, 0
29130, 193, -5.02, -8.19, -3.25, 282, 118, 0
29146, 169, -5.02, -8.19, -3.25, 282, 118, 0
29275, 169, -5.09, -8.19, -3.17, 282, 118, 0
29279, 169, -5.09, -8.19, -3.17, 282, 96, 0
29338, 169, -5.09, -8.19, -3.17, 282, 96, 0
29354, 143, -5.09, -8.19, -3.17, 282, 96, 0
29466, 143, -4.98, -8.19, -3.21, 282, 96, 0
29498, 143, -4.98, -8.19, -3.21, 282, 107, 0
29531, 143, -4.98, -8.19, -3.21, 282, 107, 0
29547, 128, -4.98, -8.19, -3.21, 282, 107, 0
29675, 128, -5.13, -8.27, -3.17, 282, 107, 0
29691, 128, -5.13, -8.27, -3.17, 282, 103, 0
29739, 128, -5.13, -8.27, -3.17, 282, 103, 0
29755, 152, -5.13, -8.27, -3.17, 282, 103, 0
29883, 152, -5.06, -8.27, -3.21, 282, 103, 0
29899, 152, -5.06, -8.27, -3.21, 282, 92, 0
29931, 152, -5.06, -8.27, -3.21, 283, 92, 0
29963, 89, -5.06, -8.27, -3.21, 283, 92, 0
30091, 89, -5.02, -8.19, -3.17, 283, 92, 0
30107, 89, -5.02, -8.19, -3.17, 283, 105, 0
30139, 89, -5.02, -8.19, -3.17, 283, 105, 0
30155, 59, -5.02, -8.19, -3.17, 283, 105, 0
30283, 59, -5.17, -8.15, -3.09, 283, 105, 0
30299, 59, -5.17, -8.15, -3.09, 283, 104, 0
30347, 59, -5.17, -8.15, -3.09, 283, 104, 0
30363, 6, -5.17, -8.15, -3.09, 283, 104, 0
30491, 6, -5.09, -8.11, -3.25, 283, 104, 0
30507, 6, -5.09, -8.11, -3.25, 283, 98, 4
30540, 6, -5.09, -8.11, -3.25, 283, 98, 4
30555, 5, -5.09, -8.11, -3.25, 283, 98, 4
30699, 5, -5.06, -8.35, -3.09, 283, 98, 4
30715, 5, -5.06, -8.35, -3.09, 283, 125, 4
30747, 5, -5.06, -8.35, -3.09, 282, 125, 4
30763, 58, -5.06, -8.35, -3.09, 282, 125, 4
30892, 58, -5.09, -8.27, -3.33, 282, 125, 4
30908, 58, -5.09, -8.27, -3.33, 282, 135, 4
30940, 58, -5.09, -8.27, -3.33, 278, 135, 4
30956, 429, -5.09, -8.27, -3.33, 278, 135, 4
31100, 429, -5.13, -8.27, -3.21, 278, 135, 4
31116, 429, -5.13, -8.27, -3.21, 278, 166, 4
31148, 429, -5.13, -8.27, -3.21, 286, 166, 4
31164, 710, -5.13, -8.27, -3.21, 286, 166, 4
31292, 710, -5.09, -8.35, -3.09, 286, 166, 4
31308, 710, -5.09, -8.35, -3.09, 286, 168, 4
31340, 710, -5.09, -8.35, -3.09, 278, 168, 4
31356, 663, -5.09, -8.35, -3.09, 278, 168, 4
31500, 663, -4.98, -8.23, -3.09, 278, 168, 4
31516, 663, -4.98, -8.23, -3.09, 278, 146, 4
31548, 663, -4.98, -8.23, -3.09, 278, 146, 4
31564, 266, -4.98, -8.23, -3.09, 278, 146, 4
31708, 266, -5.13, -8.35, -3.02, 278, 146, 4
31725, 266, -5.13, -8.35, -3.02, 278, 149, 4
31756, 266, -5.13, -8.35, -3.02, 284, 149, 4
31772, 298, -5.13, -8.35, -3.02, 284, 149, 4
31900, 298, -5.09, -8.47, -2.86, 284, 149, 4
31917, 298, -5.09, -8.47, -2.86, 284, 121, 4
31949, 298, -5.09, -8.47, -2.86, 282, 121, 4
31965, 251, -5.09, -8.47, -2.86, 282, 121, 4
32109, 251, -4.98, -8.39, -3.09, 282, 121, 4
32125, 251, -4.98, -8.39, -3.09, 282, 134, 4
32157, 251, -4.98, -8.39, -3.09, 290, 134, 4
32173, 427, -4.98, -8.39, -3.09, 290, 134, 4
32317, 427, -4.98, -8.43, -2.82, 290, 134, 4
32333, 427, -4.98, -8.43, -2.82, 290, 198, 4
32365, 427, -4.98, -8.43, -2.82, 287, 198, 4
32381, 243, -4.98, -8.43, -2.82, 287, 198, 4
32525, 243, -4.94, -8.19, -2.98, 287, 198, 4
32541, 243, -4.94, -8.19, -2.98, 287, 209, 4
32557, 243, -4.94, -8.19, -2.98, 297, 209, 4
32573, 688, -4.94, -8.19, -2.98, 297, 209, 4
32717, 688, -5.06, -8.23, -2.98, 297, 209, 4
32733, 688, -5.06, -8.23, -2.98, 297, 178, 4
32749, 688, -5.06, -8.23, -2.98, 302, 178, 4
32781, 529, -5.06, -8.23, -2.98, 302, 178, 4
32925, 529, -5.02, -8.51, -2.82, 302, 178, 4
32941, 529, -5.02, -8.51, -2.82, 302, 125, 4
32957, 529, -5.02, -8.51, -2.82, 300, 125, 4
32974, 61, -5.02, -8.51, -2.82, 300, 125, 4
33133, 61, -4.9, -8.55, -2.9, 300, 125, 4
33149, 61, -4.9, -8.55, -2.9, 300, 126, 4
33165, 61, -4.9, -8.55, -2.9, 304, 126, 4
33181, 353, -4.9, -8.55, -2.9, 304, 126, 4
33325, 353, -4.98, -8.31, -2.9, 304, 126, 4
33341, 353, -4.98, -8.31, -2.9, 304, 97, 4
33357, 353, -4.98, -8.31, -2.9, 295, 97, 4
33373, 147, -4.98, -8.31, -2.9, 295, 97, 4
33534, 147, -5.13, -8.35, -2.86, 295, 97, 4
33550, 147, -5.13, -8.35, -2.86, 295, 119, 4
33566, 147, -5.13, -8.35, -2.86, 296, 119, 4
33582, 1, -5.13, -8.35, -2.86, 296, 119, 4
33742, 1, -4.78, -8.47, -2.82, 296, 119, 4
33758, 1, -4.78, -8.47, -2.82, 296, 133, 4
33774, 1, -4.78, -8.47, -2.82, 305, 133, 4
33790, 317, -4.78, -8.47, -2.82, 305, 133, 4
33934, 317, -4.86, -8.43, -2.94, 305, 133, 4
33966, 317, -4.86, -8.43, -2.94, 305, 141, 4
33982, 317, -4.86, -8.43, -2.94, 301, 141, 4
33998, 630, -4.86, -8.43, -2.94, 301, 141, 4
34142, 630, -4.86, -8.35, -3.02, 301, 141, 4
34158, 630, -4.86, -8.35, -3.02, 301, 113, 4
34174, 630, -4.86, -8.35, -3.02, 311, 113, 4
34190, 303, -4.86, -8.35, -3.02, 311, 113, 4
34350, 303, -4.98, -8.39, -2.82, 311, 113, 4
34366, 303, -4.98, -8.39, -2.82, 311, 115, 4
34382, 303, -4.98, -8.39, -2.82, 311, 115, 4
34398, 423, -4.98, -8.39, -2.82, 311, 115, 4
34543, 423, -5.06, -8.35, -2.86, 311, 115, 4
34558, 423, -5.06, -8.35, -2.86, 311, 118, 4
34574, 423, -5.06, -8.35, -2.86, 301, 118, 4
34590, 1, -5.06, -8.35, -2.86, 301, 118, 4
34750, 1, -4.86, -8.47, -2.9, 301, 118, 4
34766, 1, -4.86, -8.47, -2.9, 301, 115, 4
34783, 1, -4.86, -8.47, -2.9, 312, 115, 4
34799, 458, -4.86, -8.47, -2.9, 312, 115, 4
34959, 458, -4.86, -8.35, -2.86, 312, 115, 4
34975, 458, -4.86, -8.35, -2.86, 312, 148, 4
34991, 458, -4.86, -8.35, -2.86, 308, 148, 4
35007, 276, -4.86, -8.35, -2.86, 308, 148, 4
35151, 276, -4.9, -8.47, -3.05, 308, 148, 4
35167, 276, -4.9, -8.47, -3.05, 308, 170, 4
35183, 276, -4.9, -8.47, -3.05, 313, 170, 4
35199, 229, -4.9, -8.47, -3.05, 313, 170, 4
35359, 229, -4.94, -8.43, -2.86, 313, 170, 4
35375, 229, -4.94, -8.43, -2.86, 313, 140, 4
35391, 229, -4.94, -8.43, -2.86, 315, 140, 4
35412, 549, -4.94, -8.43, -2.86, 315, 140, 4
35551, 549, -4.86, -8.51, -2.82, 315, 140, 4
35583, 549, -4.86, -8.51, -2.82, 315, 117, 4
35599, 549, -4.86, -8.51, -2.82, 308, 117, 4
35615, 705, -4.86, -8.51, -2.82, 308, 117, 4
35759, 705, -4.98, -8.43, -2.98, 308, 117, 4
35775, 705, -4.98, -8.43, -2.98, 308, 147, 4
35791, 705, -4.98, -8.43, -2.98, 311, 147, 4
35823, 935, -4.98, -8.43, -2.98, 311, 147, 4
35967, 935, -4.82, -8.31, -3.02, 311, 147, 4
35983, 935, -4.82, -8.31, -3.02, 311, 141, 4
35999, 935, -4.82, -8.31, -3.02, 307, 141, 4
36015, 307, -4.82, -8.31, -3.02, 307, 141, 4
36160, 307, -4.82, -8.47, -3.09, 307, 141, 4
36191, 307, -4.82, -8.47, -3.09, 307, 156, 4
36208, 307, -4.82, -8.47, -3.09, 312, 156, 4
36224, 935, -4.82, -8.47, -3.09, 312, 156, 4
36368, 935, -4.78, -8.43, -2.9, 312, 156, 4
36384, 935, -4.78, -8.43, -2.9, 312, 142, 4
36416, 935, -4.78, -8.43, -2.9, 316, 142, 4
36432, 852, -4.78, -8.43, -2.9, 316, 142, 4
36576, 852, -4.94, -8.39, -2.74, 316, 142, 4
36592, 852, -4.94, -8.39, -2.74, 316, 137, 4
36608, 852, -4.94, -8.39, -2.74, 304, 137, 4
36624, 234, -4.94, -8.39, -2.74, 304, 137, 4
36784, 234, -4.82, -8.47, -3.02, 304, 137, 4
36800, 234, -4.82, -8.47, -3.02, 304, 128, 4
36816, 234, -4.82, -8.47, -3.02, 312, 128, 4
36832, 937, -4.82, -8.47, -3.02, 312, 128, 4
36976, 937, -4.78, -8.55, -2.98, 312, 128, 4
36992, 937, -4.78, -8.55, -2.98, 312, 127, 4
37024, 937, -4.78, -8.55, -2.98, 308, 127, 4
37040, 751, -4.78, -8.55, -2.98, 308, 127, 4
37184, 751, -4.82, -8.43, -2.9, 308, 127, 4
37200, 751, -4.82, -8.43, -2.9, 308, 100, 4
37216, 751, -4.82, -8.43, -2.9, 314, 100, 4
37232, 194, -4.82, -8.43, -2.9, 314, 100, 4
37392, 194, -4.94, -8.35, -2.9, 314, 100, 4
37408, 194, -4.94, -8.35, -2.9, 314, 115, 4
37424, 194, -4.94, -8.35, -2.9, 317, 115, 4
37440, 717, -4.94, -8.35, -2.9, 317, 115, 4
37585, 717, -4.94, -8.51, -2.94, 317, 115, 4
37617, 717, -4.94, -8.51, -2.94, 317, 148, 4
37633, 717, -4.94, -8.51, -2.94, 312, 148, 4
37649, 1, -4.94, -8.51, -2.94, 312, 148, 4
37793, 1, -4.78, -8.51, -2.94, 312, 148, 4
37809, 1, -4.78, -8.51, -2.94, 312, 135, 4
37825, 1, -4.78, -8.51, -2.94, 306, 135, 4
37841, 896, -4.78, -8.51, -2.94, 306, 135, 4
38001, 896, -4.78, -8.7, -2.78, 306, 135, 4
38017, 896, -4.78, -8.7, -2.78, 306, 113, 4
38033, 896, -4.78, -8.7, -2.78, 311, 113, 4
38049, 819, -4.78, -8.7, -2.78, 311, 113, 4
38193, 819, -4.94, -8.43, -2.86, 311, 113, 4
38209, 819, -4.94, -8.43, -2.86, 311, 88, 4
38225, 819, -4.94, -8.43, -2.86, 298, 88, 4
38241, 388, -4.94, -8.43, -2.86, 298, 88, 4
38401, 388, -4.82, -8.31, -2.86, 298, 88, 4
38417, 388, -4.82, -8.31, -2.86, 298, 89, 4
38433, 388, -4.82, -8.31, -2.86, 311, 89, 4
38449, 898, -4.82, -8.31, -2.86, 311, 89, 4
38609, 898, -4.86, -8.59, -2.74, 311, 89, 4
38625, 898, -4.86, -8.59, -2.74, 311, 109, 4
38641, 898, -4.86, -8.59, -2.74, 306, 109, 4
38657, 198, -4.86, -8.59, -2.74, 306, 109, 4
38802, 198, -4.74, -8.43, -3.02, 306, 109, 4
38817, 198, -4.74, -8.43, -3.02, 306, 99, 4
38833, 198, -4.74, -8.43, -3.02, 311, 99, 4
38850, 548, -4.74, -8.43, -3.02, 311, 99, 4
39010, 548, -4.74, -8.43, -3.02, 314, 99, 4
39026, 652, -4.74, -8.43, -3.02, 314, 99, 4
39058, 652, -4.82, -8.35, -3.21, 314, 99, 4
39064, 652, -4.82, -8.35, -3.21, 314, 85, 4
39218, 652, -4.78, -8.43, -2.98, 314, 85, 4
39234, 652, -4.78, -8.43, -2.98, 314, 110, 4
39250, 652, -4.78, -8.43, -2.98, 317, 110, 4
39266, 212, -4.78, -8.43, -2.98, 317, 110, 4
39410, 212, -4.78, -8.43, -2.82, 317, 110, 4
39426, 212, -4.78, -8.43, -2.82, 317, 148, 4
39458, 212, -4.78, -8.43, -2.82, 319, 148, 4
39474, 605, -4.78, -8.43, -2.82, 319, 148, 4
39602, 605, -4.78, -8.43, -2.82, 315, 148, 4
39634, 1, -4.78, -8.43, -2.82, 315, 148, 4
39650, 1, -4.9, -8.47, -2.82, 315, 148, 4
39666, 1, -4.9, -8.47, -2.82, 315, 124, 4
39810, 1, -4.9, -8.47, -2.82, 305, 124, 4
39826, 672, -4.9, -8.47, -2.82, 305, 124, 4
39858, 672, -4.74, -8.43, -2.94, 305, 124, 4
39874, 672, -4.74, -8.43, -2.94, 305, 108, 4
40018, 672, -4.74, -8.43, -2.94, 314, 108, 4
40034, 935, -4.74, -8.43, -2.94, 314, 108, 4
40050, 935, -4.94, -8.59, -3.05, 314, 108, 4
40066, 935, -4.94, -8.59, -3.05, 314, 93, 4
40211, 935, -4.94, -8.59, -3.05, 313, 93, 4
40227, 556, -4.94, -8.59, -3.05, 313, 93, 4
40259, 556, -4.74, -8.43, -2.82, 313, 93, 4
40274, 556, -4.74, -8.43, -2.82, 313, 91, 4
40419, 556, -4.74, -8.43, -2.82, 319, 91, 4
40435, 478, -4.74, -8.43, -2.82, 319, 91, 4
40467, 478, -4.82, -8.55, -3.05, 319, 91, 4
40471, 478, -4.82, -8.55, -3.05, 319, 91, 4
40611, 478, -4.82, -8.55, -3.05, 320, 91, 4
40643, 847, -4.82, -8.55, -3.05, 320, 91, 4
40659, 847, -4.7, -8.47, -3.02, 320, 91, 4
40675, 847, -4.7, -8.47, -3.02, 320, 101, 4
40819, 847, -4.7, -8.47, -3.02, 319, 101, 4
40835, 1, -4.7, -8.47, -3.02, 319, 101, 4
40851, 1, -4.78, -8.47, -3.05, 319, 101, 4
40883, 1, -4.78, -8.47, -3.05, 319, 141, 4
41027, 1, -4.78, -8.47, -3.05, 322, 141, 4
41043, 861, -4.78, -8.47, -3.05, 322, 141, 4
41059, 861, -4.86, -8.47, -2.98, 322, 141, 4
41075, 861, -4.86, -8.47, -2.98, 322, 135, 4
41219, 861, -4.86, -8.47, -2.98, 323, 135, 4
41235, 901, -4.86, -8.47, -2.98, 323, 135, 4
41267, 901, -4.66, -8.55, -3.05, 323, 135, 4
41283, 901, -4.66, -8.55, -3.05, 323, 117, 4
41428, 901, -4.66, -8.55, -3.05, 309, 117, 4
41443, 1, -4.66, -8.55, -3.05, 309, 117, 4
41475, 1, -4.94, -8.47, -2.94, 309, 117, 4
41492, 1, -4.94, -8.47, -2.94, 309, 125, 4
41620, 1, -4.94, -8.47, -2.94, 312, 125, 4
41636, 501, -4.94, -8.47, -2.94, 312, 125, 4
41668, 501, -4.82, -8.43, -2.78, 312, 125, 4
41684, 501, -4.82, -8.43, -2.78, 312, 99, 4
41828, 501, -4.82, -8.43, -2.78, 313, 99, 4
41844, 532, -4.82, -8.43, -2.78, 313, 99, 4
41860, 532, -4.86, -8.47, -3.02, 313, 99, 4
41892, 532, -4.86, -8.47, -3.02, 313, 112, 4
42036, 532, -4.86, -8.47, -3.02, 319, 112, 4
42052, 154, -4.86, -8.47, -3.02, 319, 112, 4
42068, 154, -4.66, -8.51, -3.05, 319, 112, 4
42084, 154, -4.66, -8.51, -3.05, 319, 186, 4
42228, 154, -4.66, -8.51, -3.05, 323, 186, 4
42244, 291, -4.66, -8.51, -3.05, 323, 186, 4
42276, 291, -4.94, -8.47, -2.9, 323, 186, 4
42292, 291, -4.94, -8.47, -2.9, 323, 157, 4
42436, 291, -4.94, -8.47, -2.9, 318, 157, 4
42452, 482, -4.94, -8.47, -2.9, 318, 157, 4
42468, 482, -4.7, -8.31, -2.98, 318, 157, 4
42500, 482, -4.7, -8.31, -2.98, 318, 121, 4
42628, 482, -4.7, -8.31, -2.98, 305, 121, 4
42644, 184, -4.7, -8.31, -2.98, 305, 121, 4
42676, 184, -4.74, -8.55, -3.02, 305, 121, 4
42692, 184, -4.74, -8.55, -3.02, 305, 105, 4
42836, 184, -4.74, -8.55, -3.02, 316, 105, 4
42852, 756, -4.74, -8.55, -3.02, 316, 105, 4
42869, 756, -4.66, -8.47, -2.78, 316, 105, 4
42885, 756, -4.66, -8.47, -2.78, 316, 111, 4
43045, 756, -4.66, -8.47, -2.78, 314, 111, 4
43061, 105, -4.66, -8.47, -2.78, 314, 111, 4
43077, 105, -4.78, -8.51, -3.05, 314, 111, 4
43093, 105, -4.78, -8.51, -3.05, 314, 108, 4
43237, 105, -4.78, -8.51, -3.05, 321, 108, 4
43253, 928, -4.78, -8.51, -3.05, 321, 108, 4
43285, 928, -4.7, -8.47, -2.98, 321, 108, 4
43290, 928, -4.7, -8.47, -2.98, 321, 92, 4
43445, 928, -4.7, -8.47, -2.98, 322, 92, 4
43461, 920, -4.7, -8.47, -2.98, 322, 92, 4
43477, 920, -4.82, -8.55, -3.21, 322, 92, 4
43509, 920, -4.82, -8.55, -3.21, 322, 130, 4
43637, 920, -4.82, -8.55, -3.21, 320, 130, 4
43653, 532, -4.82, -8.55, -3.21, 320, 130, 4
43685, 532, -4.9, -8.47, -2.86, 320, 130, 4
43701, 532, -4.9, -8.47, -2.86, 320, 153, 4
43845, 532, -4.9, -8.47, -2.86, 299, 153, 4
43861, 135, -4.9, -8.47, -2.86, 299, 153, 4
43877, 135, -4.78, -8.51, -2.78, 299, 153, 4
43893, 135, -4.78, -8.51, -2.78, 299, 131, 4
44053, 135, -4.78, -8.51, -2.78, 312, 131, 4
44069, 522, -4.78, -8.51, -2.78, 312, 131, 4
44085, 522, -4.98, -8.51, -2.98, 312, 131, 4
44101, 522, -4.98, -8.51, -2.98, 312, 143, 4
44246, 522, -4.98, -8.51, -2.98, 311, 143, 4
44262, 409, -4.98, -8.51, -2.98, 311, 143, 4
44294, 409, -4.66, -8.47, -3.05, 311, 143, 4
44310, 409, -4.66, -8.47, -3.05, 311, 137, 4
44454, 409, -4.66, -8.47, -3.05, 319, 137, 4
44470, 476, -4.66, -8.47, -3.05, 319, 137, 4
44486, 476, -4.55, -8.66, -3.09, 319, 137, 4
44502, 476, -4.55, -8.66, -3.09, 319, 143, 4
44646, 476, -4.55, -8.66, -3.09, 321, 143, 4
44662, 853, -4.55, -8.66, -3.09, 321, 143, 4
44694, 853, -4.74, -8.47, -3.09, 321, 143, 4
44710, 853, -4.74, -8.47, -3.09, 321, 117, 4
44854, 853, -4.74, -8.47, -3.09, 316, 117, 4
44870, 863, -4.74, -8.47, -3.09, 316, 117, 4
44902, 863, -4.82, -8.43, -2.94, 316, 117, 4
44918, 863, -4.82, -8.43, -2.94, 316, 137, 4
45046, 863, -4.82, -8.43, -2.94, 315, 137, 4
45078, 304, -4.82, -8.43, -2.94, 315, 137, 4
45094, 304, -4.66, -8.51, -2.98, 315, 137, 4
45110, 304, -4.66, -8.51, -2.98, 315, 114, 4
45254, 304, -4.66, -8.51, -2.98, 320, 114, 4
45270, 698, -4.66, -8.51, -2.98, 320, 114, 4
45302, 698, -4.7, -8.47, -3.13, 320, 114, 4
45318, 698, -4.7, -8.47, -3.13, 320, 116, 4
45462, 698, -4.7, -8.47, -3.13, 322, 116, 4
45479, 218, -4.7, -8.47, -3.13, 322, 116, 4
45494, 218, -4.82, -8.51, -2.98, 322, 116, 4
45510, 218, -4.82, -8.51, -2.98, 322, 132, 4
45655, 218, -4.82, -8.51, -2.98, 316, 132, 4
45671, 538, -4.82, -8.51, -2.98, 316, 132, 4
45703, 538, -4.62, -8.59, -3.13, 316, 132, 4
45719, 538, -4.62, -8.59, -3.13, 316, 136, 4
45863, 538, -4.62, -8.59, -3.13, 322, 136, 4
45879, 785, -4.62, -8.59, -3.13, 322, 136, 4
45911, 785, -4.7, -8.55, -3.02, 322, 136, 4
45927, 785, -4.7, -8.55, -3.02, 322, 193, 4
46055, 785, -4.7, -8.55, -3.02, 318, 193, 4
46087, 295, -4.7, -8.55, -3.02, 318, 193, 4
46103, 295, -4.78, -8.51, -2.98, 318, 193, 4
46135, 295, -4.78, -8.51, -2.98, 318, 164, 4
46263, 295, -4.78, -8.51, -2.98, 312, 164, 4
46279, 1, -4.78, -8.51, -2.98, 312, 164, 4
46315, 1, -4.78, -8.43, -3.02, 312, 164, 4
46327, 1, -4.78, -8.43, -3.02, 312, 115, 4
46471, 1, -4.78, -8.43, -3.02, 320, 115, 4
46487, 689, -4.78, -8.43, -3.02, 320, 115, 4
46519, 689, -4.86, -8.31, -2.98, 320, 115, 4
46535, 689, -4.86, -8.31, -2.98, 320, 111, 4
46663, 689, -4.86, -8.31, -2.98, 322, 111, 4
46679, 643, -4.86, -8.31, -2.98, 322, 111, 4
46727, 643, -4.66, -8.55, -2.98, 322, 111, 4
46733, 643, -4.66, -8.55, -2.98, 322, 99, 4
46871, 643, -4.66, -8.55, -2.98, 319, 99, 4
46887, 559, -4.66, -8.55, -2.98, 319, 99, 4
46920, 559, -4.78, -8.39, -3.02, 319, 99, 4
46936, 559, -4.78, -8.39, -3.02, 319, 99, 4
47064, 559, -4.78, -8.39, -3.02, 311, 99, 4
47080, 90, -4.78, -8.39, -3.02, 311, 99, 4
47128, 90, -4.74, -8.51, -3.17, 311, 99, 4
47144, 90, -4.74, -8.51, -3.17, 311, 109, 4
47272, 90, -4.74, -8.51, -3.17, 311, 109, 4
47288, 462, -4.74, -8.51, -3.17, 311, 109, 4
47336, 462, -4.78, -8.51, -3.05, 311, 109, 4
47352, 462, -4.78, -8.51, -3.05, 311, 152, 4
47480, 462, -4.78, -8.51, -3.05, 317, 152, 4
47496, 928, -4.78, -8.51, -3.05, 317, 152, 4
47528, 928, -4.58, -8.47, -3.05, 317, 152, 4
47544, 928, -4.58, -8.47, -3.05, 317, 102, 4
47672, 928, -4.58, -8.47, -3.05, 318, 102, 4
47688, 695, -4.58, -8.47, -3.05, 318, 102, 4
47736, 695, -4.74, -8.51, -2.98, 318, 102, 4
47752, 695, -4.74, -8.51, -2.98, 318, 152, 4
47880, 695, -4.74, -8.51, -2.98, 318, 152, 4
47896, 622, -4.74, -8.51, -2.98, 318, 152, 4
47944, 622, -4.78, -8.39, -3.25, 318, 152, 4
47960, 622, -4.78, -8.39, -3.25, 318, 141, 4
48072, 622, -4.78, -8.39, -3.25, 318, 141, 4
48088, 547, -4.78, -8.39, -3.25, 318, 141, 4
48136, 547, -4.58, -8.47, -3.09, 318, 141, 4
48152, 547, -4.58, -8.47, -3.09, 318, 121, 4
48281, 547, -4.58, -8.47, -3.09, 318, 121, 4
48297, 463, -4.58, -8.47, -3.09, 318, 121, 4
48345, 463, -4.55, -8.51, -3.13, 318, 121, 4
48363, 463, -4.55, -8.51, -3.13, 318, 118, 4
48489, 463, -4.55, -8.51, -3.13, 318, 118, 4
48505, 415, -4.55, -8.51, -3.13, 318, 118, 4
48553, 415, -4.74, -8.39, -3.17, 318, 118, 4
48569, 415, -4.74, -8.39, -3.17, 318, 127, 4
48681, 415, -4.74, -8.39, -3.17, 320, 127, 4
48697, 296, -4.74, -8.39, -3.17, 320, 127, 4
48745, 296, -4.9, -8.47, -3.17, 320, 127, 4
48761, 296, -4.9, -8.47, -3.17, 320, 132, 4
48889, 296, -4.9, -8.47, -3.17, 319, 132, 4
48905, 260, -4.9, -8.47, -3.17, 319, 132, 4
48953, 260, -4.82, -8.31, -3.17, 319, 132, 0
48970, 260, -4.82, -8.31, -3.17, 319, 122, 0
49081, 260, -4.82, -8.31, -3.17, 319, 122, 0
49097, 250, -4.82, -8.31, -3.17, 319, 122, 0
49145, 250, -4.66, -8.43, -3.17, 319, 122, 0
49177, 250, -4.66, -8.43, -3.17, 319, 142, 0
49289, 250, -4.66, -8.43, -3.17, 319, 142, 0
49305, 238, -4.66, -8.43, -3.17, 319, 142, 0
49353, 238, -4.62, -8.39, -3.09, 319, 142, 0
49369, 238, -4.62, -8.39, -3.09, 319, 102, 0
49497, 238, -4.62, -8.39, -3.09, 320, 102, 0
49513, 164, -4.62, -8.39, -3.09, 320, 102, 0
49562, 164, -4.66, -8.47, -3.25, 320, 102, 0
49577, 164, -4.66, -8.47, -3.25, 320, 88, 0
49690, 164, -4.66, -8.47, -3.25, 320, 88, 0
49706, 173, -4.66, -8.47, -3.25, 320, 88, 0
49754, 173, -4.74, -8.43, -3.21, 320, 88, 0
49786, 173, -4.74, -8.43, -3.21, 320, 107, 0
49882, 173, -4.74, -8.43, -3.21, 320, 107, 0
49914, 137, -4.74, -8.43, -3.21, 320, 107, 0
49962, 137, -4.7, -8.43, -3.13, 320, 107, 0
49978, 137, -4.7, -8.43, -3.13, 320, 112, 0
50090, 137, -4.7, -8.43, -3.13, 320, 112, 0
50106, 144, -4.7, -8.43, -3.13, 320, 112, 0
50170, 144, -4.82, -8.43, -3.09, 320, 112, 0
50186, 144, -4.82, -8.43, -3.09, 320, 105, 0
50298, 144, -4.82, -8.43, -3.09, 320, 105, 0
50314, 116, -4.82, -8.43, -3.09, 320, 105, 0
50378, 116, -4.7, -8.39, -3.25, 320, 105, 0
50394, 116, -4.7, -8.39, -3.25, 320, 152, 5
50490, 116, -4.7, -8.39, -3.25, 320, 152, 5
50506, 76, -4.7, -8.39, -3.25, 320, 152, 5
50570, 76, -4.7, -8.59, -3.02, 320, 152, 5
50602, 76, -4.7, -8.59, -3.02, 320, 140, 5
50698, 76, -4.7, -8.59, -3.02, 320, 140, 5
50714, 1, -4.7, -8.59, -3.02, 320, 140, 5
50778, 1, -4.94, -8.66, -3.37, 320, 140, 5
50795, 1, -4.94, -8.66, -3.37, 320, 115, 5
50891, 1, -4.94, -8.66, -3.37, 320, 115, 5
50907, 507, -4.94, -8.66, -3.37, 320, 115, 5
50987, 507, -4.78, -8.43, -3.17, 320, 115, 5
51003, 507, -4.78, -8.43, -3.17, 320, 127, 5
51099, 507, -4.78, -8.43, -3.17, 320, 127, 5
51115, 13, -4.78, -8.43, -3.17, 320, 127, 5
51195, 13, -4.78, -8.55, -3.25, 320, 127, 5
51211, 13, -4.78, -8.55, -3.25, 320, 159, 5
51307, 13, -4.78, -8.55, -3.25, 321, 159, 5
51323, 1, -4.78, -8.55, -3.25, 321, 159, 5
51387, 1, -4.78, -8.51, -2.98, 321, 159, 5
51403, 1, -4.78, -8.51, -2.98, 321, 146, 5
51499, 1, -4.78, -8.51, -2.98, 321, 146, 5
51515, 140, -4.78, -8.51, -2.98, 321, 146, 5
51595, 140, -4.66, -8.59, -2.98, 321, 146, 5
51611, 140, -4.66, -8.59, -2.98, 321, 153, 5
51707, 140, -4.66, -8.59, -2.98, 316, 153, 5
51723, 946, -4.66, -8.59, -2.98, 316, 153, 5
51787, 946, -4.7, -8.55, -2.94, 316, 153, 5
51803, 946, -4.7, -8.55, -2.94, 316, 129, 5
51899, 946, -4.7, -8.55, -2.94, 316, 129, 5
51915, 905, -4.7, -8.55, -2.94, 316, 129, 5
51995, 905, -4.51, -8.55, -3.09, 316, 129, 5
52011, 905, -4.51, -8.55, -3.09, 316, 116, 5
52108, 905, -4.51, -8.55, -3.09, 318, 116, 5
52123, 947, -4.51, -8.55, -3.09, 318, 116, 5
52203, 947, -4.58, -8.51, -3.09, 318, 116, 5
52220, 947, -4.58, -8.51, -3.09, 318, 103, 5
52300, 947, -4.58, -8.51, -3.09, 319, 103, 5
52316, 903, -4.58, -8.51, -3.09, 319, 103, 5
52396, 903, -4.66, -8.51, -3.05, 319, 103, 5
52412, 903, -4.66, -8.51, -3.05, 319, 88, 5
52508, 903, -4.66, -8.51, -3.05, 321, 88, 5
52524, 1, -4.66, -8.51, -3.05, 321, 88, 5
52604, 1, -4.78, -8.51, -3.05, 321, 88, 5
52620, 1, -4.78, -8.51, -3.05, 321, 113, 5
52716, 1, -4.78, -8.51, -3.05, 321, 113, 5
52732, 920, -4.78, -8.51, -3.05, 321, 113, 5
52812, 920, -4.58, -8.47, -3.13, 321, 113, 5
52828, 920, -4.58, -8.47, -3.13, 321, 110, 5
52908, 920, -4.58, -8.47, -3.13, 320, 110, 5
52924, 340, -4.58, -8.47, -3.13, 320, 110, 5
53004, 340, -4.58, -8.55, -2.98, 320, 110, 5
53020, 340, -4.58, -8.55, -2.98, 320, 119, 5
53116, 340, -4.58, -8.55, -2.98, 322, 119, 5
53134, 1, -4.58, -8.55, -2.98, 322, 119, 5
53212, 1, -4.78, -8.51, -2.94, 322, 119, 5
53228, 1, -4.78, -8.51, -2.94, 322, 130, 5
53308, 1, -4.78, -8.51, -2.94, 324, 130, 5
53324, 434, -4.78, -8.51, -2.94, 324, 130, 5
53420, 434, -4.82, -8.47, -2.98, 324, 130, 5
53436, 434, -4.82, -8.47, -2.98, 324, 134, 5
53516, 434, -4.82, -8.47, -2.98, 323, 134, 5
53533, 565, -4.82, -8.47, -2.98, 323, 134, 5
53613, 565, -4.74, -8.51, -3.05, 323, 134, 5
53629, 565, -4.74, -8.51, -3.05, 323, 151, 5
53709, 565, -4.74, -8.51, -3.05, 323, 151, 5
53741, 437, -4.74, -8.51, -3.05, 323, 151, 5
53821, 437, -4.74, -8.59, -2.94, 323, 151, 5
53837, 437, -4.74, -8.59, -2.94, 323, 143, 5
53917, 437, -4.74, -8.59, -2.94, 323, 143, 5
53933, 378, -4.74, -8.59, -2.94, 323, 143, 5
54029, 378, -4.74, -8.55, -3.13, 323, 143, 5
54045, 378, -4.74, -8.55, -3.13, 323, 167, 5
54125, 378, -4.74, -8.55, -3.13, 323, 167, 5
54141, 459, -4.74, -8.55, -3.13, 323, 167, 5
54221, 459, -4.66, -8.35, -3.13, 323, 167, 5
54253, 459, -4.66, -8.35, -3.13, 323, 211, 5
54317, 459, -4.66, -8.35, -3.13, 322, 211, 5
54333, 441, -4.66, -8.35, -3.13, 322, 211, 5
54429, 441, -4.78, -8.43, -2.98, 322, 211, 5
54445, 441, -4.78, -8.43, -2.98, 322, 189, 5
54525, 441, -4.78, -8.43, -2.98, 323, 189, 5
54541, 249, -4.78, -8.43, -2.98, 323, 189, 5
54637, 249, -4.7, -8.31, -3.02, 323, 189, 5
54653, 249, -4.7, -8.31, -3.02, 323, 181, 5
54718, 249, -4.7, -8.31, -3.02, 322, 181, 5
54749, 75, -4.7, -8.31, -3.02, 322, 181, 5
54845, 75, -4.78, -8.55, -2.9, 322, 181, 5
54862, 75, -4.78, -8.55, -2.9, 322, 138, 5
54926, 75, -4.78, -8.55, -2.9, 320, 138, 5
54942, 1, -4.78, -8.55, -2.9, 320, 138, 5
55038, 1, -4.66, -8.47, -2.94, 320, 138, 5
55054, 1, -4.66, -8.47, -2.94, 320, 140, 5
55134, 1, -4.66, -8.47, -2.94, 320, 140, 5
55150, 1, -4.66, -8.47, -2.94, 320, 140, 5
55246, 1, -4.82, -8.47, -3.17, 320, 140, 5
55262, 1, -4.82, -8.47, -3.17, 320, 199, 5
55326, 1, -4.82, -8.47, -3.17, 320, 199, 5
55342, 40, -4.82, -8.47, -3.17, 320, 199, 5
55454, 40, -4.7, -8.51, -3.09, 320, 199, 5
55470, 40, -4.7, -8.51, -3.09, 320, 166, 5
55534, 40, -4.7, -8.51, -3.09, 321, 166, 5
55550, 157, -4.7, -8.51, -3.09, 321, 166, 5
55646, 157, -4.74, -8.43, -3.09, 321, 166, 5
55662, 157, -4.74, -8.43, -3.09, 321, 141, 5
55726, 157, -4.74, -8.43, -3.09, 321, 141, 5
55742, 315, -4.74, -8.43, -3.09, 321, 141, 5
55854, 315, -4.78, -8.35, -3.25, 321, 141, 5
55870, 315, -4.78, -8.35, -3.25, 321, 112, 5
55934, 315, -4.78, -8.35, -3.25, 322, 112, 5
55950, 868, -4.78, -8.35, -3.25, 322, 112, 5
56046, 868, -4.78, -8.47, -3.13, 322, 112, 5
56062, 868, -4.78, -8.47, -3.13, 322, 109, 5
56143, 868, -4.78, -8.47, -3.13, 323, 109, 5
56159, 616, -4.78, -8.47, -3.13, 323, 109, 5
56255, 616, -4.7, -8.43, -3.05, 323, 109, 5
56271, 616, -4.7, -8.43, -3.05, 323, 102, 5
56335, 616, -4.7, -8.43, -3.05, 324, 102, 5
56351, 443, -4.7, -8.43, -3.05, 324, 102, 5
56463, 443, -4.74, -8.55, -3.05, 324, 102, 5
56479, 443, -4.74, -8.55, -3.05, 324, 138, 5
56543, 443, -4.74, -8.55, -3.05, 324, 138, 5
56559, 1, -4.74, -8.55, -3.05, 324, 138, 5
56655, 1, -4.7, -8.43, -3.13, 324, 138, 5
56671, 1, -4.7, -8.43, -3.13, 324, 101, 5
56735, 1, -4.7, -8.43, -3.13, 324, 101, 5
56751, 1, -4.7, -8.43, -3.13, 324, 101, 5
56863, 1, -4.66, -8.35, -3.33, 324, 101, 5
56879, 1, -4.66, -8.35, -3.33, 324, 136, 5
56943, 1, -4.66, -8.35, -3.33, 324, 136, 5
56959, 744, -4.66, -8.35, -3.33, 324, 136, 5
57071, 744, -4.74, -8.51, -3.13, 324, 136, 5
57087, 744, -4.74, -8.51, -3.13, 324, 197, 5
57135, 744, -4.74, -8.51, -3.13, 325, 197, 5
57151, 924, -4.74, -8.51, -3.13, 325, 197, 5
57263, 924, -4.78, -8.47, -3.09, 325, 197, 5
57295, 924, -4.78, -8.47, -3.09, 325, 176, 5
57343, 924, -4.78, -8.47, -3.09, 325, 176, 5
57359, 1, -4.78, -8.47, -3.09, 325, 176, 5
57472, 1, -4.7, -8.43, -3.17, 325, 176, 5
57488, 1, -4.7, -8.43, -3.17, 325, 152, 5
57536, 1, -4.7, -8.43, -3.17, 326, 152, 5
57568, 753, -4.7, -8.43, -3.17, 326, 152, 5
57680, 753, -4.7, -8.55, -3.09, 326, 152, 5
57696, 753, -4.7, -8.55, -3.09, 326, 107, 5
57744, 753, -4.7, -8.55, -3.09, 323, 107, 5
57760, 211, -4.7, -8.55, -3.09, 323, 107, 5
57888, 211, -4.58, -8.39, -3.13, 323, 107, 5
57904, 211, -4.58, -8.39, -3.13, 323, 97, 5
57952, 211, -4.58, -8.39, -3.13, 323, 97, 5
57968, 1, -4.58, -8.39, -3.13, 323, 97, 5
58080, 1, -4.86, -8.43, -2.94, 323, 97, 5
58096, 1, -4.86, -8.43, -2.94, 323, 100, 5
58144, 1, -4.86, -8.43, -2.94, 325, 100, 5
58160, 1, -4.86, -8.43, -2.94, 325, 100, 5
58288, 1, -4.7, -8.47, -3.05, 325, 100, 5
58304, 1, -4.7, -8.47, -3.05, 325, 117, 5
58352, 1, -4.7, -8.47, -3.05, 323, 117, 5
58368, 905, -4.7, -8.47, -3.05, 323, 117, 5
58496, 905, -4.7, -8.47, -2.86, 323, 117, 5
58512, 905, -4.7, -8.47, -2.86, 323, 108, 5
58544, 905, -4.7, -8.47, -2.86, 322, 108, 5
58576, 901, -4.7, -8.47, -2.86, 322, 108, 5
58688, 901, -4.62, -8.51, -2.98, 322, 108, 5
58704, 901, -4.62, -8.51, -2.98, 322, 92, 5
58752, 901, -4.62, -8.51, -2.98, 322, 92, 5
58768, 931, -4.62, -8.51, -2.98, 322, 92, 5
58896, 931, -4.74, -8.55, -3.02, 322, 92, 5
58913, 931, -4.74, -8.55, -3.02, 322, 136, 5
58961, 931, -4.74, -8.55, -3.02, 323, 136, 5
58977, 800, -4.74, -8.55, -3.02, 323, 136, 5
59089, 800, -4.66, -8.47, -3.02, 323, 136, 5
59105, 800, -4.66, -8.47, -3.02, 323, 107, 5
59153, 800, -4.66, -8.47, -3.02, 323, 107, 5
59169, 525, -4.66, -8.47, -3.02, 323, 107, 5
59297, 525, -4.78, -8.47, -3.05, 323, 107, 5
59313, 525, -4.78, -8.47, -3.05, 323, 129, 5
59361, 525, -4.78, -8.47, -3.05, 324, 129, 5
59377, 526, -4.78, -8.47, -3.05, 324, 129, 5
59505, 526, -4.74, -8.55, -2.9, 324, 129, 5
59521, 526, -4.74, -8.55, -2.9, 324, 143, 5
59553, 526, -4.74, -8.55, -2.9, 324, 143, 5
59569, 514, -4.74, -8.55, -2.9, 324, 143, 5
59697, 514, -4.62, -8.47, -2.94, 324, 143, 5
59729, 514, -4.62, -8.47, -2.94, 324, 144, 5
59761, 514, -4.62, -8.47, -2.94, 324, 144, 5
59777, 456, -4.62, -8.47, -2.94, 324, 144, 5
59905, 456, -4.7, -8.55, -2.98, 324, 144, 5
59922, 456, -4.7, -8.55, -2.98, 324, 126, 5
59969, 456, -4.7, -8.55, -2.98, 324, 126, 5
59985, 375, -4.7, -8.55, -2.98, 324, 126, 5
60113, 375, -4.98, -8.23, -2.9, 324, 126, 5
60129, 375, -4.98, -8.23, -2.9, 324, 99, 5
60161, 375, -4.98, -8.23, -2.9, 324, 99, 5
60178, 279, -4.98, -8.23, -2.9, 324, 99, 0
60306, 279, -4.98, -8.47, -2.86, 324, 99, 0
60322, 279, -4.98, -8.47, -2.86, 324, 98, 0
60370, 279, -4.98, -8.47, -2.86, 325, 98, 0
60386, 383, -4.98, -8.47, -2.86, 325, 98, 0
60514, 383, -4.74, -8.43, -2.74, 325, 98, 0
60530, 383, -4.74, -8.43, -2.74, 325, 94, 0
60562, 383, -4.74, -8.43, -2.74, 326, 94, 0
60578, 471, -4.74, -8.43, -2.74, 326, 94, 0
60722, 471, -4.86, -8.59, -2.82, 326, 94, 0
60738, 471, -4.86, -8.59, -2.82, 326, 159, 0
60770, 471, -4.86, -8.59, -2.82, 326, 159, 0
60786, 500, -4.86, -8.59, -2.82, 326, 159, 0
60930, 500, -4.7, -8.59, -2.82, 326, 159, 0
60946, 500, -4.7, -8.59, -2.82, 326, 162, 0
60978, 500, -4.7, -8.59, -2.82, 326, 162, 0
60994, 478, -4.7, -8.59, -2.82, 326, 162, 0
61122, 478, -4.78, -8.55, -2.78, 326, 162, 0
61139, 478, -4.78, -8.55, -2.78, 326, 117, 0
61170, 478, -4.78, -8.55, -2.78, 322, 117, 0
61186, 376, -4.78, -8.55, -2.78, 322, 117, 0
61330, 376, -4.78, -8.51, -2.82, 322, 117, 0
61346, 376, -4.78, -8.51, -2.82, 322, 102, 0
61378, 376, -4.78, -8.51, -2.82, 323, 102, 0
61394, 184, -4.78, -8.51, -2.82, 323, 102, 0
61539, 184, -4.74, -8.51, -2.78, 323, 102, 0
61555, 184, -4.74, -8.51, -2.78, 323, 100, 0
61571, 184, -4.74, -8.51, -2.78, 324, 100, 0
61587, 123, -4.74, -8.51, -2.78, 324, 100, 0
61731, 123, -4.66, -8.59, -2.9, 324, 100, 0
61747, 123, -4.66, -8.59, -2.9, 324, 97, 0
61779, 123, -4.66, -8.59, -2.9, 324, 97, 0
61795, 175, -4.66, -8.59, -2.9, 324, 97, 0
61939, 175, -4.78, -8.47, -2.98, 324, 97, 0
61955, 175, -4.78, -8.47, -2.98, 324, 95, 0
61987, 175, -4.78, -8.47, -2.98, 323, 95, 0
62003, 283, -4.78, -8.47, -2.98, 323, 95, 0
62147, 283, -4.78, -8.47, -3.02, 323, 95, 0
62163, 283, -4.78, -8.47, -3.02, 323, 122, 0
62179, 283, -4.78, -8.47, -3.02, 323, 122, 0
62195, 294, -4.78, -8.47, -3.02, 323, 122, 0
62339, 294, -4.58, -8.66, -2.86, 323, 122, 0
62355, 294, -4.58, -8.66, -2.86, 323, 142, 0
62387, 294, -4.58, -8.66, -2.86, 323, 142, 0
62403, 411, -4.58, -8.66, -2.86, 323, 142, 0
62547, 411, -4.7, -8.62, -2.82, 323, 142, 0
62563, 411, -4.7, -8.62, -2.82, 323, 163, 0
62579, 411, -4.7, -8.62, -2.82, 324, 163, 0
62595, 332, -4.7, -8.62, -2.82, 324, 163, 0
62755, 332, -4.62, -8.35, -2.78, 324, 163, 0
62772, 332, -4.62, -8.35, -2.78, 324, 126, 0
62787, 332, -4.62, -8.35, -2.78, 324, 126, 0
62803, 208, -4.62, -8.35, -2.78, 324, 126, 0
62948, 208, -4.7, -8.66, -3.02, 324, 126, 0
62964, 208, -4.7, -8.66, -3.02, 324, 146, 0
62980, 208, -4.7, -8.66, -3.02, 325, 146, 0
63012, 155, -4.7, -8.66, -3.02, 325, 146, 0
63156, 155, -4.58, -8.47, -2.9, 325, 146, 0
63172, 155, -4.58, -8.47, -2.9, 325, 137, 0
63188, 155, -4.58, -8.47, -2.9, 324, 137, 0
63204, 97, -4.58, -8.47, -2.9, 324, 137, 0
63348, 97, -4.66, -8.62, -3.02, 324, 137, 0
63380, 97, -4.66, -8.62, -3.02, 324, 106, 0
63396, 97, -4.66, -8.62, -3.02, 325, 106, 0
63412, 171, -4.66, -8.62, -3.02, 325, 106, 0
63556, 171, -4.74, -8.43, -2.86, 325, 106, 0
63572, 171, -4.74, -8.43, -2.86, 325, 122, 0
63604, 171, -4.74, -8.43, -2.86, 324, 122, 0
63620, 248, -4.74, -8.43, -2.86, 324, 122, 0
63764, 248, -4.7, -8.59, -2.78, 324, 122, 0
63780, 248, -4.7, -8.59, -2.78, 324, 107, 0
63796, 248, -4.7, -8.59, -2.78, 325, 107, 0
63812, 84, -4.7, -8.59, -2.78, 325, 107, 0
63972, 84, -4.62, -8.47, -2.86, 325, 107, 0
63979, 84, -4.62, -8.47, -2.86, 325, 93, 0
63988, 84, -4.62, -8.47, -2.86, 325, 93, 0
64020, 154, -4.62, -8.47, -2.86, 325, 93, 0
64165, 154, -4.7, -8.59, -2.86, 325, 93, 0
64180, 154, -4.7, -8.59, -2.86, 325, 95, 0
64196, 154, -4.7, -8.59, -2.86, 324, 95, 0
64213, 182, -4.7, -8.59, -2.86, 324, 95, 0
64373, 182, -4.58, -8.23, -2.94, 324, 95, 0
64385, 182, -4.58, -8.23, -2.94, 324, 99, 0
